,0,1,2,3,4,5,6,7,8,9,10,11,12
0,-0.12467869270285904,-0.5116664581352397,0.7278999317712821,0.2403067876435321,0.3731488427505425,-0.5679413865080625,-0.830886667084261,-0.0038408875219701375,0.07071401554317701,-0.8153798534622865,0.11528715547353968,-0.6620706572805122,0.6702738531332417
1,-0.9256597218439706,-0.2438947995733255,-1.3971816677873161,0.7415878187022961,0.5157029739690082,-0.904077189809673,0.7684828289029081,-0.7991567138513557,0.8084894044582872,0.9016934193535237,-0.945579538280176,-0.20393395644450737,-1.3232541116685714
2,-0.2773313180155753,-0.3470200597966902,0.773039499223956,0.635407934506654,0.35763811122234057,0.05555348389296459,-0.7068529207939381,-0.11509622888628943,0.6098515518776356,-0.40217920502525234,-0.20309647847315904,-0.6272365895596295,0.5548158747779883
3,1.3550868406807002,1.8328062530393214,-0.5020545300882558,0.5199367959292955,0.4963176240262886,1.3097228394460465,1.6480908228009166,1.4164509811978474,0.2815621298484738,1.5012635923103588,1.3726735073729632,1.9113664462152795,-0.4753026819672133
4,-0.6564979056225329,-0.14717747941419976,-0.3473825189145514,-0.7927486274837461,-1.0887721277565754,1.0059897682686516,-0.6484012595699915,-0.7144349928342474,-0.7201531627276156,-0.625141750348043,-0.7791366112470943,0.05310064045857771,-0.42555649769277204
5,-1.0429024351134644,-0.6880223652031744,0.9632888655972708,0.40300913360520524,0.3693232971578945,-0.38456651862155905,-0.8102655295883199,-0.7990190769518954,0.46513898975383877,-0.6907531306942174,-0.931039847492778,-0.798370494053097,0.8973311249547722
6,-1.4740412650136525,-0.6774330695489107,0.6313936607062938,-0.1032608539343901,0.11619406970818448,0.1545363404396227,-0.92611360070263,-1.155171335526439,-0.03171673292949626,-0.6892947128959859,-1.2132969174174184,-0.7520273803702016,0.3632175008018645
7,-0.05563747085364693,-0.37829210049807466,0.8556527981180728,1.245325220608296,1.1286811834874686,-0.2899334559859743,-0.909306806922945,-0.21800761342617936,1.198683582128687,-0.7758581349169054,-0.21911198791582148,-0.36563535055131213,0.6861636732682671
8,-0.7222744811960763,-0.40941825264797255,-0.5979261304130917,-0.9786891849855646,-1.042872700794943,-0.3732004018395785,-0.5495638280688636,-0.7282049221652623,-1.0128528080903891,-0.7827102415385275,-0.8262558428411209,-0.37267538340971207,-0.5500720838117649
9,2.1696071360797555,0.14776272159917783,-0.2165792056957295,-0.19802215993019565,0.036411006068523655,-0.4271823066839616,0.11078895332063439,2.0808347992046627,0.013761451749513,0.03236896934130489,1.9349331800496858,0.03709860081946865,-0.1844246749661713
10,-0.723676275277405,-0.2861553847431908,-0.4816979992284079,-0.9665807462528909,-1.0884165388308011,0.7131599958902669,-0.8131452816797512,-1.1763097438322387,-1.0691632511446854,-0.6803621390547596,-0.9972768843874692,-0.2651882182860137,-0.6478954588492035
11,0.09077500374489911,-0.9089566762417768,-0.19422087585423445,-1.2871235336536127,-1.3687253208951666,-1.388564498620483,-0.416858194740232,0.3002442066834899,-1.1687802244828576,-0.8292015287207917,0.31335181579496346,-1.0421397204565541,-0.002758423106751636
12,0.843318493995646,0.18862390618480207,-0.7889529955590715,1.069076186191127,1.161738898129087,-0.3927868547405505,0.59399512999488,0.8141654989435321,1.3076535968555174,0.781716005654061,0.837586062779822,0.162658100782745,-0.833589713103271
13,-0.5571722821036603,1.1344766694767225,0.02229686895218138,0.745076857000166,0.6979895272774345,0.8839726402950376,1.1450505365539088,-0.6166935207270242,0.9383630076453747,1.2609489233416915,-0.3457187023581428,0.9975663456746464,0.1789860181172323
14,-1.3972675578178817,-1.247609416569298,0.951012836939909,-0.16608327740333,0.0601934387158771,-1.7505861268523821,-1.209865348131656,-1.7025080821474612,0.08471935419976334,-1.0716520394285645,-1.5855936023370192,-1.207311612496461,0.7113719371937866
15,0.09274601324683769,0.2561160758274791,-0.9568406151973599,-0.9030788971458539,-0.9818505410596298,-0.10363564749547047,-0.2441775469256123,-0.00928062085386118,-0.8957160490016349,-0.3672302743137086,0.11609477745325315,0.2571258520999354,-0.9787465632098657
16,0.4162074957704766,0.5919264779066663,-0.5560555265069493,-0.6221085469279378,-0.5922463775594738,0.2941041731431763,0.14072734420426242,0.38866038399120684,-0.610941017185358,0.056461610246149825,0.41755920082114417,0.77019043103858,-0.5127366894957238
17,-1.6023834670074748,-0.6892230180480822,-0.5697116443267302,-0.7710710812737339,-0.6307614393325539,-0.23223603472931426,-0.679894916255009,-1.585217442832437,-0.5867619571007574,-0.6863725450331942,-1.6347471404636484,-0.4705167227358762,-0.6414723402726648
18,-0.3596173527018562,0.4831594795785765,-0.18914698009947095,-0.39508134452075455,-0.40361829839816715,1.5784589135003775,-0.08084948709390363,-0.3351255859785914,-0.2937080997416776,-0.027670497020784134,-0.27333995302245345,0.4050624380050008,-0.1411649961808158
19,-0.16870149428501185,2.916876639136306,-1.014441379189607,0.4573762222974739,0.2574025942487588,-0.17588447498865906,2.3287299379459427,-0.10908865461281668,0.43515992026389255,2.0664642588605306,-0.29329488249258195,2.8501971302216,-1.2062341605722409
20,-0.77450009006156,-0.11675807203128298,-0.5411264763832941,-0.8244809594049712,-0.8817679568927496,-0.16290928629770768,-0.425845988743407,-0.5538503046455114,-0.6343244733224527,-0.4123472619067674,-0.7870341978344696,-0.09429679079081207,-0.632024370530666
21,-0.965122740190918,-0.6780308443559774,2.1220866122482955,1.4234086255657525,1.5478306484058253,-0.32882208827847986,-0.8360553951495346,-0.8568379751410719,1.4281088702861426,-0.7475393621970469,-0.9590076156734417,-0.7130277904769815,2.0269119074643234
22,0.87702820028315,-0.4948020260248508,0.09706281400705667,-0.7277979021317287,-0.7211026846308642,-0.7018292366906992,-0.028286125246665704,0.9409387304280005,-0.581690821577006,0.03562913342700643,0.7428440165254077,-0.33769808577169835,0.34411850770496516
23,-1.236506583882059,-0.9774910450101536,1.0914115108912315,0.3481202336111042,0.4068138847065049,-1.344877899358983,-0.8801676987240067,-1.4180823225199783,0.1969057109329134,-1.0895365466598397,-1.1997226585826717,-0.9541294870210087,1.2642199360057291
24,0.09819145999203976,-0.24689603776131466,-0.15603194535661735,-1.4541173838433366,-1.2397915457613942,-0.09092473112917823,-0.3879948248810456,-0.07960098934345777,-1.328859249288283,-0.6007224944636322,-0.2500527138111344,-0.25744714669511776,-0.2386450378748932
25,1.057284848915812,0.9831443391172721,-1.2025379606312168,-0.784678445559393,-0.77162105612796,1.7497156339960613,1.5462377252186912,1.0791480512957343,-0.7632363201751543,1.6545565082907638,1.1998042407293827,1.0199398882880089,-1.21118701773507
26,0.6995145336763954,0.4397917790271835,-0.15114755097132365,-0.21856927878398688,-0.42184278973165534,0.4408444238379327,0.3915224569612401,0.5600531919850184,0.06269199193764467,0.4652216572045301,0.5418546333198946,0.5610862270325667,-0.21098265798395915
27,-0.15524754473013758,-0.3060044715071766,0.03868705672547062,0.31481761037510203,0.39989450965361845,-1.09673169614824,-0.570972675436824,-0.13041948543544324,0.03823741380578097,-0.6124532398679461,-0.3240504789594134,-0.5968259145988397,0.23212680920066275
28,-0.07567305604413654,0.555247998678788,-0.6081209544650259,0.1895656778359129,0.26978794125105415,0.9060819766989071,0.6506278305743074,-0.18780895620353125,0.2070630151532207,0.4695114205947505,-0.11333201133412887,0.4449582125721068,-0.40967567767846363
29,0.6938676337955991,3.0944653216532507,-1.0828719006848377,-0.425689579825023,-0.8263674691768187,0.7403512260492182,2.8273800997552847,0.6331478075572391,-0.8715872169909207,2.7143761011826073,0.471173556232009,3.0605068865194824,-1.0765508773607377
30,-0.6676839302387356,-0.022365117402949438,-1.0685581789723078,1.0593069313679693,1.0916047694781388,-0.5813895318406627,1.0193330577074657,-0.6056505287085135,1.1801962344121153,0.9768973909055443,-0.5618549846830847,-0.16487647310142142,-1.143541862418791
31,0.01980796288660889,0.08918168766918738,0.10764412769608248,-0.9017621320094086,-1.0336965509409635,0.5230625345651425,-0.387690387686181,0.1013096221035281,-0.8527056335219233,-0.045064466299913244,0.12466818552702229,0.039767995981389345,0.22880895230057524
32,1.3709066943292743,-0.31573451761474697,-0.5419301152186192,-0.74688328147455,-0.478638495048706,1.0195313214648374,0.13023231655841233,1.2536871089272823,-0.7076422368453551,0.3765957838869368,1.2031794329226833,-0.3186758810907706,-0.4416496858544164
33,-0.37725943629629066,-0.3087822413527584,0.26025208162970825,0.8838232417218579,0.9651478292474986,-0.5069179774144321,-0.3960926520420078,-0.5711453130023334,0.7483016732902008,-0.254035662613494,-0.6902968423620757,-0.36255406341345486,0.31121022594002234
34,0.5118763959420991,-0.8334012845223869,-0.8756014073745695,-1.477962126382155,-1.4485842158613618,-0.3919846056075991,-0.5822045509155704,0.8190184206110761,-1.6400803512705646,-0.7238120805279599,0.6294629005843224,-0.789399647962313,-0.9636345386092483
35,1.9433630555961923,0.3172762069325766,-0.21267020654360944,-0.6024554168159658,-0.48457293592597117,1.0474962568206803,0.8350945119650262,1.9651733422820983,-0.6851487197773651,0.9350655018091364,1.9728516423532079,0.5138423287269699,-0.24071446658461143
36,0.9829246602679321,0.8398263769835553,-0.6111905705135051,-1.3904591504470074,-1.3046719338351125,0.8740656916848577,-0.10285738505196362,0.8744571390872887,-1.392637258657305,-0.1292545597244208,1.007944579642947,0.7115997995810743,-0.8546689885179328
37,0.5629314066970941,0.7367372087344238,-0.40556303148302303,-0.395897635243443,-0.42896469413499344,0.37227768502739417,0.23916829242549484,0.5535880188168472,-0.42107788141162655,0.39994338501686405,0.4409052058941702,0.8829924255932352,-0.534884041914598
38,-1.006989246277082,-1.5331786656459818,3.3802898733270115,-0.14420007371800148,0.015412296741387398,-0.5048319576222782,-1.523233528168889,-0.9883300601577646,-0.08606289443544675,-1.4890805477479372,-1.0114659350054598,-1.4615710010302765,3.440344547578891
39,1.5040287034465845,0.7993539887096021,-0.3491270330216802,-1.2584793984483396,-1.2295720749490882,0.7798860201510267,0.5957660585587421,1.5750898986043278,-1.2661410609080075,0.5016349124532697,1.7256082099944248,0.6925320242244998,-0.2891303975584595
40,0.8026138171306132,0.9257341869731678,-0.5811917429410703,0.9836610219593905,0.6506792834845527,1.9893067281301018,1.3806566435657748,0.5734683178938229,0.8676043630395379,1.4626259934587202,0.6635486198546083,1.0060198296670841,-0.605416877570145
41,1.6258254934567327,-0.12356926072838711,0.15565338052567196,-0.06660043676408,-0.0685836973967076,0.17506854228887894,0.04294994547583246,1.6000682703338382,-0.24741055650343832,-0.2316130862782033,1.5789628866885412,-0.08454513331482934,0.00678904349605234
42,1.0587421434367827,0.29612881773113486,-1.06834916668833,-0.8641662965197422,-0.9716104060769771,-0.24330674683559264,0.31659893708723075,1.135022627645137,-0.5474291005281371,0.3918405277955124,1.330081657445968,0.3167515357057677,-1.190280884070854
43,-0.2602286666553058,-0.3179209476361863,-0.30813001217074376,0.7808935809509914,0.9840309974266598,0.17400523051344816,0.33115116333959704,-0.28568853610452266,0.9397149635795768,0.15355866167249213,-0.45418321224528885,-0.26630418592826377,0.07999534396487758
44,1.4624364496037197,0.5186679629476781,-0.47527161823253167,-1.3746533004669976,-1.3576292214251426,0.30304592496602245,0.24508950494620843,1.535682678700246,-1.3970550980924783,0.4211510858161951,1.6389681178920015,0.5800208664136438,-0.32521773746419286
45,0.2838362797984138,-0.6550145943217747,0.1347565395850557,-0.6368615321300721,-0.44437891346209546,0.28767379106873064,-0.4679348195545763,0.4060860238492218,-0.49381749071386205,-0.6379386242645894,0.22205361356664757,-0.7024968081470377,0.27661701353001106
46,0.27108011896820794,0.928911871587932,-0.6610050644047066,-1.0513096059012828,-0.9028348067715573,0.8229993000413898,0.5060118067387662,0.5513113961076407,-1.137071795600328,0.780196653648888,0.2592123587418551,1.0100375547815852,-0.5490108535853063
47,0.4555553146896557,-0.6524186595844912,-0.03539409144439652,0.5637541856234504,0.5853047020214203,-0.11456272913810477,-0.774407820606443,0.3869445963539143,0.7018155193160907,-0.49883984173182255,0.6097885121795356,-0.5138357666562716,0.07685943376205909
48,0.12190207123084719,0.1577544352060651,-0.9310687408618705,0.28733784920763245,0.3690312946476827,1.2070703189426768,0.6609856890980434,-0.03054467980224782,0.4612670284727279,0.6227303922126429,0.06149265271357228,0.10273928094021703,-0.9550562368437455
49,-0.46703768590133016,-0.5594009528696905,1.7782375353250246,0.7727260217937855,0.7280261735218629,-0.362148921777248,-0.7803855577130691,-0.6549131365431208,0.7296322896366911,-0.8523509882616253,-0.48686593804847533,-0.7213104327462394,1.672183012976472
50,-1.6625694794504617,0.08546229128018018,0.06920514395440033,-0.15949524863000947,0.10633252204739116,0.44839666472676426,-0.4377488838905988,-1.8685772104778624,-0.08645976920192516,-0.5543838798614115,-1.9097795478261002,-0.044494273198100995,-0.058828375724103994
51,1.3662374925679655,-0.3178093262916075,-0.37928288482235667,-0.765960109238568,-0.6020797335860242,1.0776309371363988,0.2446474371277199,1.450914410474176,-0.6867715794641883,0.23126925217692704,1.1968762027471747,-0.38449517064149014,-0.5437384915855139
52,-0.9256755097419638,-0.5212363361835014,1.089946854125114,0.5553620924377346,0.578209860877051,-0.34010854373353044,-0.752594297436344,-0.9159529106284479,0.37050836560323874,-0.6581871338041376,-0.9067491699781745,-0.6964662603239743,1.068084137727796
53,0.4435634338020091,3.0876492127516304,-1.1249008760529082,-0.8488264297856408,-0.8225860414574477,1.0449451157608358,3.1379547284672378,0.4995321827658808,-0.8466484904752168,3.138040774793766,0.3794604503660307,2.956153906815779,-1.1376008216254299
54,-1.5705725976177334,-0.6096819367944529,-0.3864747027132449,-1.0562608661382704,-0.9902222950487879,-1.2092352415526881,-0.07834304063292157,-1.4712165012046983,-0.8168383532668976,0.07417715823370796,-1.515311976150923,-0.49364852572915224,-0.30862629380417933
55,0.6101394180709546,0.6186652357162867,-1.260325461532972,-0.9441150091240537,-1.0855151690885518,1.6006686517358777,1.2660327647278506,0.8121721897352768,-0.9050076875876354,1.239202168818558,0.7059584967090765,0.49135313813170844,-1.447516642927045
56,0.02068433317659853,-1.296388647332723,3.1148102272221987,-0.2063483536011498,-0.18278690682549784,-0.8054290623821283,-1.2061446702419667,0.040249330766295645,-0.3407578511260995,-1.3704215562477882,-0.07243996516859788,-1.2695427575868568,2.930467910144
57,0.5070617276523095,0.17715543513505522,-0.983906596468656,-1.5106083248760194,-1.535170930687781,0.9981609140075326,0.24540489155330172,0.619060835298904,-1.6310117055093445,0.46289396094004104,0.4856834279476087,0.3844198315876788,-0.9718176607290697
58,-0.378658507719768,-1.021457245823506,0.0702375798954406,-1.5704610268615036,-1.5436872075067107,0.1035855821686846,-0.8750869193194442,-0.5513710761153334,-1.539458705195256,-1.0071519538590148,-0.3049735456454163,-1.1617260560626232,0.09495306397366728
59,0.33843529511476467,0.4009797310998391,-0.2778061580483205,-0.041295934166780686,-0.21108669345124478,0.3966401382202087,0.32774534832454566,0.501052683441027,-0.2877012229547625,0.369424394008965,0.46930026330679103,0.3621775615071962,-0.20385024821082562
60,0.44838844907372566,-0.017378807474603707,-0.44855270466129143,-0.5083113139835576,-0.5403760277022175,-0.6001817383792843,0.13750186884126472,0.5287758763131252,-0.3645596135001836,0.3252944390764512,0.5734958983986078,-0.06220603287844103,-0.7880228715730999
61,-1.4097900788055284,-0.2821528630119825,-0.49394114088164415,1.6408741695221627,1.7026588294695384,0.2875451895043657,-0.27419421684057904,-1.285856558348374,1.7539894223755268,-0.4541323611313482,-1.3668973378405567,-0.26711186448144053,-0.07575806112964499
62,-0.5413333753136924,1.5715572188806008,-0.5547178514729758,-1.4699410761461826,-1.3510521898495498,0.4114674572542679,0.8299335944148863,-0.431465358331408,-1.437709855440685,0.908550152100096,-0.3942164115481967,1.5204082739833302,-0.6387617099382654
63,0.26027970976643483,0.933879446885069,-0.6424994399115348,-1.2180766887926058,-1.1574026738534682,0.6089086464995587,0.4630031584580203,0.2669686715327626,-0.8969190828447359,0.5243152562689966,0.0662446747044226,0.7360075870330289,-0.7799135647968067
64,0.9375947755743622,1.1067319401476767,-0.151332681817443,-0.230452657275306,-0.04461645251236821,0.8545532996386929,0.6202238818547379,1.0063808596546313,-0.3926876067774181,0.7997290736037171,0.9497391032201566,1.1673438067314696,-0.3245815813698798
65,-0.851410641558293,-0.8960310235201122,0.24670122995550786,0.2077087970013577,-0.0883830241319412,-1.3707729434543299,-0.897849014334271,-0.8798734300542987,0.18957255975115733,-0.9300947997248322,-1.0094133511191634,-0.9880066434863022,0.42807358909365145
66,0.04291003889281793,1.2942688835055243,-1.1299655662492463,-1.4346085522622667,-1.4584611301369044,0.2671585063932569,0.7669583948936793,0.07612753757497519,-1.3813052433702548,1.0369361993119028,0.21657543822952688,1.4214751312208906,-1.2106623594626555
67,1.2650859274137114,-0.18612166608498493,-0.5268054890880184,0.007373772048264157,-0.26120686016706723,2.9518612817553254,-0.3145488451647496,1.2427566205715006,0.16366752589320868,-0.32212286883577135,1.4086320669448036,-0.10377813341215143,-0.4970355111124718
68,-0.7690657926652927,2.4601694938055134,-1.3193127176342092,-0.13111060777201997,0.061516372482157036,-0.5703115171139842,1.6821595000714056,-0.6946870027700842,0.019525885772922847,1.5359930140767812,-0.8555144144002256,2.5513084949611002,-1.3392878577509522
69,0.14880317152113345,-0.8067065120399511,0.471975739787171,-0.8121065651634953,-0.9332385599284008,-0.06279162014840885,-0.8694169453923426,0.16375667698282767,-0.6225086941330947,-0.7379515008736912,0.19111589929887154,-0.7833014561710774,0.6574885000438659
70,-1.0061427947722927,-0.5708394814190066,-0.05318119526521353,-0.39965758702980564,-0.4775671953903383,-0.3229675787149041,-0.6914196036005776,-0.8842587948432251,-0.49227904522497984,-0.697501150611646,-0.7361854272733785,-0.6268228370711794,-0.0075877803422746345
71,-0.42145651414934604,-0.3151179477952633,0.5681345332627613,0.8678801100874669,1.0932981651229887,-0.3848661522070633,-0.7065018020120587,-0.540742165508233,1.0408048857820755,-0.5261470458704564,-0.33423870996122834,-0.28842391228395026,0.6355734739280118
72,-0.04624734275824466,-0.04300796508755319,-0.17477888989111195,0.025418797240467684,0.40376610001731106,-1.2465977322959065,0.4145236204384538,-0.09018245800774657,0.4258960230220987,0.4216345657215531,0.02039761224085138,0.128600248933616,-0.16381369500854326
73,-0.5773063114077102,-0.36729835975486286,-0.5420464755465993,1.1671282203876454,1.1522608016041516,-1.6608646489917962,-0.26837740271428107,-0.6679902736843931,1.2529637410571084,-0.2610858440773643,-0.6833238622116057,-0.33257732736769274,-0.5704411833177414
74,-0.49525938753512666,-1.5837001796735077,1.7918650972010932,-0.40804444090166636,-0.2730837865343776,-1.9367204283781911,-1.5866659067769868,-0.6595079729485287,-0.15830398299262086,-1.5397640390314318,-0.6837199997098327,-1.7061120465173572,1.7149449500886302
75,1.914974377067129,0.8703798426682091,-0.8954192713412248,-0.22089701720042715,-0.33376099561986083,0.5596549300394796,1.1916809532760568,2.0224433702158784,-0.459076808708132,1.2720807848489575,1.9593944914597332,0.9568960573024478,-0.755477508074302
76,1.179199000219519,0.7869335325613049,-0.6764598832520974,-1.1597093087880115,-1.1852087003524931,0.8552799752399123,0.6432276772754437,1.1460331199726803,-1.245541958000412,0.5507732966125513,1.2052888077270212,0.6448910648817886,-0.3030508156918759
77,0.765398345052891,-0.013795218174000685,-1.0399968043827883,0.4458504869001554,0.4529974704538593,-0.5860542738177889,0.29685434620491524,0.7655067349185285,0.47898360314708555,0.20289228111459093,0.7738170151607363,0.12055183602852405,-1.008891562082522
78,-1.2861311759698186,-0.8470032724670352,1.6496222462715555,0.6817672975354513,0.9178206684903687,-0.5973381609197176,-0.8544178940316337,-1.3014562312992524,0.8398141618760473,-0.9801544658122536,-1.1646621582603383,-1.0678542856950826,1.716423314711127
79,-0.04898726273651435,0.041794034818083865,-0.8224708602890819,0.38799674766328185,0.2881358888981077,1.145606582378049,0.45974817968892195,0.05379360468284794,0.6494253494547706,0.7126752781995,0.11020393936049773,0.08556557742076715,-0.8489049890817215
80,-0.4906092091730417,0.26202297821340503,-0.5545775499157864,-0.9572627461484322,-0.7766713408488797,0.6840173181687991,-0.28993525618484567,-0.50342521099515,-0.9442316696793559,-0.25363746688293876,-0.7677938816812798,0.07039682584394645,-0.6122956151472062
81,-0.5265132565105894,1.8685729272197016,-1.7233596955312138,-1.8037060841135797,-1.5565039814659047,-0.1393309559022045,1.823377328594336,-0.48339700120047613,-1.6036305917693403,2.0511693582078467,-0.5874783612423609,1.9673560207167842,-1.8518681883895158
82,-0.7300337072350406,-0.4578043316534189,-1.1412649743114505,-1.445672594836649,-1.5070051115964993,-0.9307884771484287,-0.9405905516327249,-0.7669388879222974,-1.4570384727064645,-1.047319889460884,-0.82623258476101,-0.4461285943625609,-1.1666030301411452
83,-1.300604436785422,-0.9320805594959931,1.888751935129636,1.32164357928822,1.2987644569273296,-0.2867931962576008,-0.8953908378243819,-1.1714407917704066,1.2381839692732186,-0.9720885020076071,-1.0629369781552698,-0.8461166816135313,2.092368599651364
84,-0.5622573272540057,-0.8511802257745213,0.06524258736220787,0.06690133545117721,0.15668907041938737,-0.3871651624405032,-0.6982486144518222,-0.5681101501782234,0.11012116828348306,-0.7219866457505069,-0.8073980399627346,-0.6980042188777211,0.019142394118802315
85,0.5598272865059347,-0.05018721098138199,-0.7678561255320474,0.08327944380095015,0.19551709907200926,-0.765079278105833,0.2514926965161271,0.7350792538544666,0.12035171937401204,0.4044509001626209,0.5043279738046297,-0.20877586065404316,-0.8932219855585193
86,0.6010488780241158,-0.41504537920519763,0.1764163930963085,-0.738251920970556,-0.6262542078197313,-0.7933362058539709,-0.05298991058937098,0.8232930031263643,-0.8440802758865442,-0.16183106647099665,0.7481179498611314,-0.5159717695852201,-0.05594024427038562
87,-0.9643202561889833,0.6176530200667033,-1.4578044343638672,-0.6385714582331199,-0.5980561463508421,1.7791309129065562,0.8118642942339321,-0.8215885556734664,-0.7409456054205674,0.712299007399728,-0.5053219222213902,0.5773008520606695,-1.1709740506981372
88,0.2915346624442006,-0.8859649782873139,1.2899992123336612,0.14575322520167103,0.28527828075295075,-0.3171932209656024,-0.732159215361922,0.21828789038175805,0.4450932541911151,-0.8489268152522098,0.36176225254680655,-0.8746567776640939,1.2060952521999586
89,1.8601190657070727,1.1433209581783794,-0.9567543819324504,-0.2274327962771199,-0.4685486584193843,0.47297597539132574,1.1954689585658276,1.9216441282338879,-0.329138441479808,0.9371115166831446,1.7680287421475223,1.0935198665984116,-0.7647623302408014
90,0.1519587516653804,0.17163066043557157,-0.7831876074743925,-0.9273350561111597,-0.8953613937375744,-0.18568336366624444,-0.24471794378621642,-0.07524780015708349,-1.0982280228829837,-0.21216211944406302,0.07851900730374303,0.09713953489203188,-0.7426812176001897
91,0.409850742698534,1.2559310215149662,-0.6745997968415294,0.4125716168247451,0.25508982340848724,2.748233796927328,2.0898510836407804,0.639575590478081,0.30065245254247036,1.950252909794879,0.5084235389422629,1.4074769282952533,-0.5666441335754766
92,0.1860667150067174,-0.44388927554761276,0.7263805343346309,0.7660885811336049,0.6723906567097638,0.429476638300127,-0.7427997115742799,0.14488033265468328,0.8442030126677799,-0.6026930130155769,0.23450462907269545,-0.5372832564927301,0.4467578343761081
93,-0.2879236696964867,-0.4561130195239541,-0.2750004228444202,0.4434566153104627,0.4229880235808189,-0.6973358106869403,-0.3399147886915025,-0.3377865084851495,0.15241142022791668,-0.37913848931692884,-0.5517878280249697,-0.4480727350610262,-0.2896046759173687
94,-0.22454994113123955,-0.5346933965294512,-0.7055567086638566,-0.12124257393988042,-0.25167829147793397,0.005117331586563078,-0.5723560693717976,-0.012952504575816452,-0.42406650308827604,-0.5541663179427415,-0.21931375787274995,-0.4752009489506031,-0.5086553937660611
95,-0.9762609225401403,-1.1021150322468765,0.919211881874326,0.2912164791259148,0.13369240135747792,-1.9465736206121396,-1.1080695192157102,-1.2106586164948148,0.20396287565367896,-0.8908579834734559,-1.097862385756186,-1.0511264706737762,1.0599613348795067
96,-0.5451285643147136,0.10574726827629127,-0.829120725950378,-0.16655834854663906,-0.19276205568888835,0.5145576859999507,-0.008839337100725674,-0.6181050939179065,0.06139280731595005,0.05573134975187992,-0.7145177319608783,0.08079710548449007,-0.6932446342131228
97,1.0714640715958381,1.3345401482826675,-0.7757664540212296,-0.8265522694449234,-0.7341036022232551,0.7642507215622453,1.1038013895735164,0.9102694884507516,-0.7576971876204757,1.112133400736257,0.8121484710271727,1.6232448196404219,-0.42387765347944095
98,0.3328592600052684,-0.5084770686986276,0.9486066029421785,2.4056903956454825,2.328537038721934,-0.7342393454874776,-0.6555232338281313,0.34495962980931416,2.2677540632400146,-0.5244238128036758,0.30269359102153154,-0.4745120817133937,0.9916320685676931
99,-0.9548799785576713,-0.7434203810593227,0.20018006030115887,0.32257963855598953,0.22838103972863366,-1.5733238067484954,-0.5509216983995011,-1.0609645563518908,0.01571872570303412,-0.5973770816790682,-1.220718706525643,-0.6897887638756245,0.1888165459171262
100,-1.4695306216432933,-0.6279204480900051,-0.38431476387430885,-0.703402037894024,-0.5553965837778988,-1.4520357823649226,-0.5579160468733919,-1.5628940601876362,-0.626491124199211,-0.3269928523424855,-1.5928871351084575,-0.7378223244275763,-0.2286746353758745
101,-1.012870423035351,-0.5526930917671626,-0.13387144699215017,-0.5109562900285517,-0.5160237447129562,-1.1726094853682254,-0.146944239660018,-0.9339276899065648,-0.42129075675328215,-0.3657280868095973,-0.8435368391320059,-0.5252100750470025,-0.1941177565408473
102,1.425039022938915,2.612506606094172,-0.24043726711011876,0.0351973564309753,-0.14350481173488747,4.94219446208654,2.934299582342187,1.3007009344853262,-0.021620850897802222,2.959747149783092,1.3901861952958403,2.5551225752115396,-0.26880799080597095
103,-1.519944138312848,-0.3089708612786934,-0.1276805744805164,1.8903878098085896,2.0240848841200356,0.28383239892062906,-0.34678394546092134,-1.2281286755200125,1.7064222511443017,-0.2388325916356751,-1.1927417825331963,-0.26593432856845434,-0.17016266251473144
104,-0.16106560355452407,-1.1883916487729331,2.0895725312028604,-0.03858786830171209,0.11720069345647374,-2.032638410245699,-1.0152691851331237,-0.14551153458736418,-0.1400953370435327,-1.2170865882884265,-0.16226418561914938,-1.2921010890430793,2.0682816616921427
105,-0.4072327909760624,-0.2803531175846869,-0.10455386395158674,0.39524491780034127,0.17813603332021688,-0.8352075304525872,-0.31652985676330153,-0.44432814420744776,0.48486269214313177,-0.1859447807368626,-0.1127259690842472,-0.3777971692037304,-0.2183031149397209
106,-1.7622079855647161,-0.8446445163264165,0.5072197021149495,2.488651347305341,2.329690397581246,-0.9059086919466369,-0.9776562192542473,-1.8180907222373544,2.440227388670363,-0.972466274415136,-1.858837325013142,-0.5993083189376814,0.5196845930109427
107,-0.4095590918316738,0.84143089235712,-1.1353828142047262,-0.19510372332018955,-0.46514216914951756,2.188076628809546,1.3856941724573903,-0.303281686938864,-0.30592460178536796,1.357538304191243,-0.2390697883128904,0.9603240276898701,-0.9502999775951758
108,0.6442599765198997,3.135503305764956,-0.8444410360154362,-0.9090682846971315,-0.7709917123925298,0.7413390731532602,2.842937392600046,0.7973981763264201,-0.8658426529318624,2.994139956211909,0.7917522914405307,3.252599018234703,-1.1624265232892752
109,-0.07921064740628606,0.14123594836891065,-0.64497427509492,-0.37197583130833506,-0.19509102450754084,0.8225827573750577,0.04202941909072142,-0.13761633335477366,-0.28619263055851824,0.2854036551543137,-0.12405360450861269,0.055763014612039134,-0.622010820578743
110,-0.5149568437762259,0.022126430740024114,-0.8191902173602291,1.3386172257363662,1.5825637580933465,-0.7961964768300014,1.0766850620922161,-0.3695840203573754,1.5134562023126479,1.1749039866634303,-0.31551772307823467,0.059124012130649724,-1.2038752915067155
111,-1.240936627279208,-1.1722337811928607,-0.3996397828349366,-0.6487168385530616,-0.7642389496525824,-0.6400857475130716,-0.9932819635000714,-1.2268869505826083,-0.7127080143823666,-1.2000387122523033,-1.1033235744416403,-0.8445874914493295,-0.5142166291785801
112,-0.366766274519599,0.03499181243268009,-0.6249261132950691,0.6444280362597554,0.8394424544853655,-1.3782367927188885,-0.34538531896857094,-0.02356128457837631,0.6035365864878752,-0.3660924471157835,-0.3787750528723362,-0.021754774680916168,-0.9061737623775866
113,1.4491605321800227,-0.37667376369080585,-0.2579737109799549,-0.6844718591181601,-0.6793204721756455,1.048407478775175,0.2083310427504616,1.1711755038790128,-0.6886944694472018,0.17211382370070835,1.316647968662772,-0.15995224373755768,-0.4017535904449488
114,-0.8747823651533847,-0.09238723071322211,1.039950886603497,1.7355322825050532,1.7587336723307951,-0.01994195237666059,-0.16456167342344186,-0.6939048921142811,1.7191472929282494,-0.3537784020565747,-0.7296886595972942,-0.1751742327502338,1.1500098828575596
115,-0.9941355871940146,-0.7113118355768525,2.1303271792204446,1.6066067041261045,1.3089174083198598,-0.2434813247012388,-0.6618188225476322,-0.9549127522216865,1.439669106845553,-0.5428691124285965,-0.9490165801665452,-0.7083245102469669,2.0981194114052686
116,-1.2205103950407434,-0.5811676216650226,0.47576624114601274,0.9141534981995659,1.0131784379578788,-0.545325082328689,-0.6362625001016258,-1.3201487178194224,0.8199927021333924,-0.5670534703088583,-1.3423758872302416,-0.41661438205727475,0.48182342754801777
117,-0.5821247205274416,0.09962951800943483,-0.20300913824435,-0.7985597930618225,-0.9959906191119843,1.1114000080945945,-0.2815205436554694,-0.7446491616122055,-0.8348582696887776,-0.5722355105679504,-0.7993519337506326,0.11158858605857577,-0.3820318792482352
118,-0.0478058135096957,-0.6619910891608034,0.4658663255899515,2.0422575044205966,1.948588672186502,-0.9494085598794362,-0.563474074393565,-0.07084448404937335,2.037938883876552,-0.7642900035912181,-0.045658874066421114,-0.7153732677711983,0.5462322981559911
119,-0.6181015840557564,-0.5779770192481487,0.1484358247651747,-0.08282054109912594,-0.26478500842706143,-1.0436395769419191,-0.017324249014639477,-0.8005180801212549,-0.05009189177220696,0.017610882821437485,-0.8892052872570612,-0.48178589740888994,0.08657467836968663
120,-0.11861397931733694,-0.97004561560256,2.3445096881313834,0.2679102852543193,0.20186350156969116,-1.4705812199787835,-0.8545030548939906,-0.02949901068541134,0.18077565267951354,-0.8107559374396343,-0.04620192179609181,-1.1749633422671353,2.4833125907526736
121,0.9274975235153832,-0.49706055858860465,0.8426168021479581,0.7311349459703022,0.7663433232651449,0.007344072346785569,-0.4914818519108559,0.8770674667463163,0.8238007831969129,-0.5115675363452725,0.792052122904297,-0.5781956191701377,0.7744519729869832
122,2.1611424488136626,1.8234077124353645,-0.19543522941601854,-0.73479357527071,-0.8483423618200462,2.1553108634692144,1.1965272087170329,2.014397958453239,-0.7760786774181917,1.1661542494816104,1.9873749828355125,1.7593754780049402,-0.03484765072667719
123,-0.058198484651371764,-0.5072904462063588,0.3352352042231365,0.8882386639786164,0.5491049281618102,-0.6666019004542165,-0.36372758847888564,0.06576044593183117,0.5739604870202275,-0.6326953092888994,-0.04775182830710947,-0.39248610125404215,0.38996649680959095
124,1.6238774240243374,0.18435726237423586,-0.5319921869152124,-0.931404278214322,-0.8215772393982963,0.5648269096004188,0.5071198406167294,1.4074469526277322,-0.8137366284899313,0.4276866758336202,1.676280801385468,-0.019929747448762525,-0.6247504575718056
125,0.9554326030061294,0.6501443175446971,-1.1921006452377634,-0.8012854003713596,-0.9378544405159088,1.7847409987865168,1.293298001200608,0.6311506784604842,-1.0239047538978696,1.3164554157597412,0.8453218377554568,0.5964958922945758,-1.2953474662940831
126,-0.125047091548488,-0.6615174756883198,0.5869382225850457,0.08558444352766598,0.4796551473268511,-0.7703383754146771,-0.9493217487621195,-0.04239819437064635,0.053674317835284764,-0.9613980378393492,-0.07759958845292214,-0.5476822498832863,0.6486878861278873
127,-0.3012871097864048,-0.9909061010552532,0.8106108865825365,-1.4533763786195444,-1.4787226694751159,0.03776971967440458,-1.0763221451506697,-0.1761712801149099,-1.5525994963441008,-1.0387216286599947,-0.22672849949903529,-1.0468435492341284,0.5819114605444726
128,-1.1784624582777596,-0.43899554064761115,-0.6517774875608483,-1.2062213921685405,-0.9877520657090975,0.6716293370171438,-0.958143847420755,-1.001655173183043,-1.1479112061875734,-0.6039154599532006,-1.1947301141894442,-0.3349209864686619,-0.5122867207776153
129,1.968699470841115,-1.4443071444547413,2.0473698240749267,-0.9643870508923906,-1.038483656460755,-1.5840195132061285,-1.2633888355178629,1.907190099292271,-1.0692938169931916,-1.3022348914416757,1.9066449255110702,-1.3925397783613107,2.0269044089600765
130,-0.3738997697207417,-0.08386783380038494,-0.9960002967149432,-1.6331806984574992,-1.5525478252900091,-0.8498803268340077,-0.17444984718551648,-0.29400985239476474,-1.4123188842786447,-0.11010406667457524,-0.31408059694354856,-0.27665653467081414,-0.8487118459820261
131,0.25732106553942174,-0.9290345816180408,1.0157067701840565,0.8978877177575784,1.0072815086181048,-0.75988402130502,-0.8399443343704907,0.09947419789425337,1.059954095040917,-1.0015881371247426,0.1520517077680545,-0.8799238186558257,1.1289771498678243
132,0.06539289205164438,1.1848873569656886,-0.9974353320770691,-1.2843809405176658,-1.3071885153934135,0.5164856588237597,1.6116627138808242,0.26390492265489995,-1.3630046078095863,1.2689380507241086,0.32940485897616795,1.092069081191851,-1.087107651138537
133,-0.19814282536260652,-0.6387594751313028,-0.7079496381461651,-0.6053729777067365,-0.3780147863711222,-0.08867300442042719,-0.3807891124768727,-0.3326638498682389,-0.3830098367862649,-0.4945003753616035,-0.17136828764606374,-0.5471918567653395,-0.7907856926532604
134,-1.5001943850026807,-0.9846520905462148,0.6304786332726992,2.6265209484307714,2.635889122793589,0.1166848011626913,-1.14715207508444,-1.5295150908945392,2.7037905024606026,-1.1229582439802763,-1.7325840504103829,-1.115535422839328,0.9912247398429473
135,1.549496412367591,-0.02979850349764731,-0.4733417021652012,-0.5442024140764966,-0.4828367089490963,1.4901749126341863,0.42747858506281744,1.536720111662153,-0.3965096994502452,0.4903679950263285,1.664323990176757,-0.14604249178864673,-0.3952557890441907
136,-0.11313134363840288,-0.725341676243398,0.6210312862033823,-0.6113165896174954,-0.5139438214496812,-0.8806931935103341,-0.7447531969489792,0.23385113349671025,-0.4007468690426068,-0.6949887540094575,-0.07839725344193588,-0.5083286206673702,0.8260948735741375
137,0.05727197031522817,-0.7492935307893716,0.6514936124087602,1.651453017883,1.4482230449734208,-0.9846036620792773,-0.8191421721222132,0.030740722510203676,1.529689931429517,-0.7265025224900322,0.1671086111103621,-0.5665378780506478,0.8792272571603288
138,-0.944673953153356,0.8897945546380915,-1.0958591543571008,-1.7783002814318798,-1.845170253954966,0.033945241009108916,0.38203573284267456,-0.9448927268847728,-2.2038133875764956,0.2678857321506775,-0.880124945404517,0.8475002945137273,-1.0173814307424485
139,3.180706598277819,1.358412297738354,-0.4778364519796241,-0.5682924521801265,-0.5613200815053746,0.5424469658319884,1.2324830414487118,3.4476439831197876,-0.6328744154581148,1.1510779288290822,3.4182549444867636,1.232494784514535,-0.6137137897368108
140,0.4314477849716819,-0.27829592411907544,1.127930032576166,1.1345472597228536,1.4488866591801932,1.0530952901164954,-0.2582611631007887,0.452929648828863,1.3586091228038077,-0.27639872190512366,0.5380136338243025,-0.28337377224315274,0.9571926635571831
141,0.40916878855119493,2.877952024118435,-1.0266107292585518,-0.8325280363226379,-1.0304202448635276,0.8055315688753298,2.898573608073614,0.4050008027264481,-0.9418395769749569,2.8305974910861353,0.4432849466093326,2.746207731385479,-1.134744133523778
142,0.9170765612141636,1.492815942696824,-0.6117736757087706,-0.12802554435952307,0.22567210655052578,0.8495494952506716,1.1068092118691104,0.9003865956626902,-0.04588007777248501,0.9562134857534185,1.1394700235093465,1.484167893725747,-0.7783125544736733
143,0.002726503384575267,-0.4358156793008374,0.7172169783003546,0.18474605007219258,0.177103077459048,-0.6056330411938831,-0.7596416689073555,-0.11516691213638644,0.13768739750741865,-0.77730419328567,-0.18028283922661897,-0.4985635997061023,0.368978612545031
144,0.25450162641286905,-0.6657682772729753,0.7210687681703709,-0.8451819743949398,-0.5875806286119442,-0.07079751974644556,-0.5919205108632013,0.25333210229607855,-0.724611279628552,-0.768995892763941,0.29421699396067463,-0.7586676588010665,0.6970586580651406
145,-0.8547841323848064,-1.339201884738826,3.675375968852685,0.3660588185742663,0.2967457328631715,-0.33924181394503067,-1.2401054319646752,-0.7760520953384957,0.20621772750917963,-1.3973572206631204,-0.7340746121521116,-1.4118580381279138,3.6795664139148316
146,1.2086952975908511,1.5611694756377923,-0.59382162535679,0.355036354555447,0.1286733635418904,0.9510648637419861,1.38390335367781,1.188016088488499,0.11158197970597879,1.3580474598051562,1.309965332917324,1.70860689528537,-0.6772763081981444
147,-0.7458895187241601,-1.2131240453624383,0.7535041920230314,0.7762036623909057,0.6562809511286973,-1.3435407371224672,-0.9657086785138151,-0.8948280293523518,0.715998149773143,-1.1395104716453235,-0.7620594713576564,-1.0423141303438095,0.5534014587554981
148,-0.06742319471969255,-0.4733311289557372,-0.11915487883431464,-0.6884089951927699,-0.5653611930561301,-0.6524862293675412,-0.43089476488016276,-0.09675761734403929,-0.5808721745106519,-0.37503295602095177,0.038338491155874524,-0.5126596758684913,0.05666162868739747
149,-0.37037505459401726,-0.27436075383617253,0.21672556943260668,0.16429901019767654,0.3436903918556731,0.23283066959940235,-0.31866706761995534,-0.18589119382684774,0.30477172847656314,-0.3136988549904019,-0.37358542383134374,-0.15565758236691762,0.15844576391122311
150,-0.7920258753907147,-0.7314950183982712,1.7663772709325032,1.1283635530016718,1.0857098780412213,-1.1224491130605465,-0.6105878276084092,-0.7556067921240728,1.0567412570576735,-0.6210792755028247,-0.5845774271435253,-0.7516818237588379,1.741257668719239
151,-0.366886391415211,-0.1482926740206945,0.1202365392485325,0.6085815499922881,0.38970069515489025,0.36033563454387646,-0.48026884532741604,-0.28334699496340493,0.3518299361465731,-0.18900948331270995,-0.3312572027938071,-0.23203347576124284,0.23894556815214113
152,-1.0052130188944444,-0.662918566347001,0.2894510213656737,0.06556128190533907,0.03189666247096055,-0.5440638029072342,-0.41282950510455424,-1.0388759803087808,0.018724672486245573,-0.5021940856988744,-0.9930915694781333,-0.690582665267444,0.2759096634450654
153,-1.970136918433283,-0.46492309534286863,0.008272554569747225,-0.3256956439251079,-0.39766931004813816,-0.9423348998178326,-0.6715983764651458,-2.020679440683663,-0.19014991376446075,-0.6829248200378123,-1.9148982322552743,-0.5951429957051494,0.1726756267193483
154,0.5487311612308738,-0.3086427303932324,1.1382719750781476,2.5352638351388626,2.4766830512694664,-0.6188563517123229,-0.5612671375196706,0.4692008469766622,2.2983525259401683,-0.5529609177530223,0.6071674295341005,-0.410589953984547,1.1466536266332936
155,0.6171981013332282,0.4586186499962339,0.26453344126651845,1.7257213404706095,1.789309051791385,1.9666595205117274,0.37367418004677544,0.9778358830569942,1.949581588820455,0.5209603240377132,0.852507503751775,0.5639835447586409,0.4446452310398174
156,-2.4553442544352015,-0.8377604583977127,-0.2370678457237293,2.6210964380324184,2.6197885615219,0.7652202762240693,-0.927903067149885,-2.4565616701578032,2.5883264088915867,-0.9264258237004797,-2.4096968490991983,-0.6107924788074974,-0.37090054790797516
157,2.428446671679956,1.4623126309962273,-1.0286118779854383,-0.29977012275658477,-0.21003683202761608,0.505460089497881,1.9956035471052225,2.365147286519952,-0.2931539171242542,2.0808416582480924,2.3218219756866625,1.4746048122022009,-1.0726206804466623
158,-1.3694025144142328,-0.9047010415289128,-0.1072208378867398,-0.12189673997982509,-0.2827194310562713,-1.8872065955822466,-0.7763917075610748,-1.3161084861204393,-0.16112794225896804,-0.6561596150554009,-1.342025260947177,-0.9202054038866673,-0.06714418463807117
159,-0.3449871767967319,-0.8508892839758306,1.2616092068061473,1.163849353803277,1.1363929119375178,-0.7405318449505706,-0.7594848561489028,-0.5780128889337176,1.2804250742923202,-0.7136643512581328,-0.5664802664411503,-0.6615221500446599,1.3082658313898639
160,-0.3327921915133463,-0.8683266730653272,1.2277861320867347,1.5626888780557453,1.4308656337807801,-0.8090239340265059,-0.8614789958231799,-0.6071590666974489,1.5130305876757648,-0.9130836047710098,-0.3538988384666109,-0.8029915705346728,1.1598027951998566
161,2.456617261632158,-1.1138288825837444,2.524933454401325,-0.2629243084264219,-0.3565537413753213,-1.0137194729024015,-1.0405358917786494,2.337125542764927,-0.2798205207763051,-0.9986874195648149,2.382406690876235,-1.3290734073305275,2.497478132585285
162,-0.11627758627367264,0.5387528404512427,-0.711813517557161,-1.3184861674628965,-1.2558278995723313,0.308897888193631,0.10351799211214321,-0.2205470354297634,-1.603498618256604,0.28904569170604744,-0.25217476369578,0.5145862684179232,-0.6131206298828664
163,1.0179450250257662,0.343325166702427,-0.6843952206351351,-0.5123478347758101,-0.5721270321222944,1.3578008663129644,0.16323492884627183,1.2347158223346453,-0.49813378045837514,0.44709297466756015,1.1901570973699358,0.2572018933015003,-0.7064257009812706
164,0.21248148923128637,1.0492307779489312,-1.1148727676659114,-1.5527479199635592,-1.4991960594141258,0.1837229456046701,0.817611173220485,-0.07758703720398732,-1.7178844803238844,0.6497378978149796,-0.02232988188263265,0.9950102260023362,-1.03606736875329
165,-0.15260628023597664,0.5171046962873872,-0.575668133144789,-0.27081630381406613,-0.32523462326984187,0.4745896926132484,0.3478151671369869,-0.28423000724520886,-0.0807657763931692,0.2006059195537192,-0.24220575644650824,0.3641129930170053,-0.3057175771369719
166,0.6719701026064773,-0.5938586903853926,0.08489990903071126,0.5943681701521674,0.5932586737158599,-0.10342468495146401,-0.6590974060032113,0.4296348193144656,0.5369330217958279,-0.5823780683742342,0.5428300131557788,-0.6680989360475702,0.09290642178171098
167,1.3496250599945019,0.8487995730345338,-0.11056618937906948,-0.5335943649510366,-0.6950445633504908,1.2149068263435718,0.30288705901658003,1.3823691983074549,-0.5627100236524675,0.21594372245538984,1.4929451400487044,0.8393405175792159,-0.0673109227995569
168,-1.2382171142754923,-0.4365100459413981,-0.07513902864850587,1.7939523746817383,1.970075548338078,0.2637961051687772,-0.14308027655594874,-1.0740749481655774,1.656026167339259,-0.30747793950750235,-1.0863997663914335,-0.10603590687279099,-0.10582995380077016
169,2.012290879301846,0.12780731625382155,-0.10706488022985736,0.12673391995604272,-0.04924956524823396,-0.47375040775694655,-0.13814451162732147,2.220976285368193,0.18524400567815177,-0.10434512594330952,1.8794383636050207,0.04382127411125319,0.07360512002435854
170,0.2691594770186659,2.7670986520852914,-1.2723193841926068,-0.8660129742761988,-1.222710554395214,0.7186095753496752,2.8109926895022888,0.2229638445902101,-0.9930048531851877,2.821291323303889,0.18145390713586945,2.6165622303184706,-1.2386666985901222
171,0.17354745802376123,0.7239923200673297,-0.6943107998035715,-1.0963256397108854,-1.2651131368417095,0.5254929531618155,0.5804053240385763,0.22194918886346915,-1.3860199828914477,0.6040734739399777,0.20870192092022857,0.6684894772753674,-0.5909677346684116
172,-0.12471586061052888,-0.8729724433876326,1.4310311128631548,-0.7233270532847923,-0.6719466163127099,-0.6517701674045727,-1.2115724762584756,-0.06231613368786778,-0.4659955854179619,-1.0246015337301577,-0.15439451910722882,-0.9162404021471499,1.1597084328054146
173,-0.18380053916393735,-0.7024740820762175,0.4834531323368681,0.7228389286535769,0.7321485273254588,-1.13577249413935,-0.5137855897694726,-0.275135945528187,0.6790107683661991,-0.5068194090703441,-0.14815633728446445,-0.6266047363255712,0.3437967110184468
174,0.6670266578812468,-0.050048592430594244,-0.9958717828339447,0.2231795877157396,0.45723316492485744,-0.6453585992711397,0.27438388769172584,0.5548529857403215,0.21447873916136453,0.17868725121741585,0.8085887251554136,0.12743227820072525,-0.9280900260705967
175,0.3318946912042582,-1.0944862847488732,3.4301349744295813,0.1529226059635092,0.1851637777539924,-0.28509292958596283,-1.0972824812642754,0.45951422327039443,0.15034005947219542,-1.1950847024519609,0.32388325000086143,-1.1333860044943067,3.389738526600336
176,0.6811845000345552,-0.5643307755833975,-0.018525544354992523,0.7824426931180565,0.7849562539751873,-0.08539556797107657,-0.5702684558348631,0.5868434474921088,0.7991923668065672,-0.6806512007326322,0.6043168292318769,-0.46956952624118875,0.34601703815443374
177,1.0211495401243256,3.521220600584261,-0.8876737389227125,-0.4191666256869014,-0.34123968305836233,1.4145210556586005,3.764807024181534,0.9427878097208289,-0.6695692718582456,3.6697698371021024,0.9372391737983068,3.7121763592028554,-0.9298965379452032
178,-1.791324475948194,-0.6747670839300377,0.8535904250715833,3.8591746820607877,4.030057962120806,0.1818114627662174,-0.6334448369147563,-1.4321620242075945,3.8715988753687935,-0.6544037157984652,-1.3483992872232842,-0.7380504223476214,0.8152690117812236
179,-0.896724107768416,-0.16490965180880654,0.1666504309644508,0.07664778843976165,0.05660629720615054,0.32037718424383593,-0.4201417339137248,-1.123074101643392,0.19101306287253492,-0.544696818148099,-0.939449809551546,-0.18707115852134537,-0.017457412849688683
180,-1.2034740889938316,-0.3562064836256819,-0.24514340455457043,0.15587500442066382,0.09774294830607147,0.056426652524975945,-0.31167583364776713,-1.142973975619479,0.38612142681542233,-0.33929696860167324,-1.2278581294892388,-0.32236808868713546,-0.22263041626863259
181,-0.05145342911014805,0.3036556813107839,-0.37469064612247693,1.764648881817812,1.661192689691596,-0.29082606278442114,1.1945414060497657,-0.391642453801429,1.7273245975939968,1.1994492241415031,-0.20822498983001256,0.11914705441204673,-0.7674534247101569
182,-0.4716421901852015,-0.9519332187291933,0.9080249709778777,1.1396257723615768,1.1669329751957689,-0.9851804132188919,-1.0722698603594154,-0.654040551324281,1.0141005931331888,-0.991011552330644,-0.5396437610496236,-0.9534460181525927,0.9522177095308558
183,0.33924583647264445,-0.6877101118665605,0.16511233523140115,1.4700222995873156,1.691046540055059,-0.48340280414307557,-0.9374987074948593,-0.04236914633707521,1.7426425884386025,-0.955813215235979,0.11584767461063251,-0.6205479827396111,0.03049767030375357
184,0.48189902465608997,1.5739559603148707,-1.2758568722563515,-0.8020241777766628,-0.8645964142701619,0.7122774912306549,1.3554175782620832,0.3197140215759013,-0.666997631262549,1.5775315059520612,0.5446789681703301,1.6897081913513896,-1.5214440889328722
185,-1.7113304533274922,-0.8210626759749771,-0.13676340025452474,0.4441187596748271,0.19742269442190152,-0.7757724683922316,-0.8626362610553204,-1.5642063037162448,0.32883640036667383,-0.7264266199581856,-1.76166240056803,-0.7269868989934165,-0.15919593741308602
186,1.9643220297284614,-0.9255547879052943,2.119713991197989,1.0499742971851673,0.8289558054178657,0.23010116469920092,-0.7512842534283533,1.873296482298669,0.8621951547965319,-0.7903022929876038,2.165451605399315,-0.9819748503940267,2.0031901431279775
187,-1.3435077504678377,-0.4127593194958724,0.25277887984791964,0.8889233514849534,0.9847960247951001,-0.6518663430563003,-0.524880143123833,-1.385324728877722,0.8496258705848152,-0.6694271081636695,-1.2363808262455034,-0.5540476464363339,0.29297497528880356
188,1.3093758545575958,0.6592888000570255,-0.37280703085596245,-0.7395044689510684,-0.7429156394708285,1.1696257803487964,0.15866664831510519,1.2177957051166008,-0.7799430753038064,0.2973434670735033,1.1445645441436632,0.5273890811011679,-0.18400483418491823
189,-1.132799200161861,-0.955444475803904,1.1429258356159875,0.4339301315408986,0.29042787350150856,-1.4567950433959864,-1.0243450985842104,-1.084290849401967,0.33289948733182245,-0.9253001028793886,-1.0234263413723292,-0.9761910764084359,1.1832691321340991
190,0.7847602921372131,1.3687021368133145,-0.7242117862744558,0.24912541284645673,0.05974660103650232,0.858184623664047,1.1850429099741535,1.1891291906495234,-0.11430376606854291,0.8796247405663431,0.7894614086935348,1.3474580429779643,-0.8712027450758464
191,-0.3912990723298097,-0.19943611713686696,-1.126672962688218,0.10471317432655718,0.12318857305790264,0.9094921994723656,0.3848674662639799,-0.25392728675595866,0.1643996706060704,0.2395974973995095,-0.3720765401931998,-0.07289654615416016,-0.9459261613699086
192,0.17004842746056006,2.6581529697046933,-1.3962351925633474,-1.2679458356311684,-0.9222884680799942,0.690388047451498,2.7854943931723892,0.14744297490618033,-1.181144532920394,2.572682546767514,0.06835514864426774,2.4882404023644384,-1.1823682665060768
193,-1.592167687621479,-0.883931737289203,-0.0752114369294514,0.4491203675672584,0.38657337161315575,-1.5606816168523145,-0.6149293309567979,-1.7544288487403359,0.3919497657344248,-0.7549466819395373,-1.5994710734538697,-0.9140429057089684,-0.22906060443909784
194,-0.3941431208510596,-1.1725448220821655,-0.04410078294949129,-1.4421497597488742,-1.5207402611541725,0.1628032330133563,-1.0142342680979017,-0.4286375035516242,-1.4284048029495864,-1.0891478804155859,-0.40544344401366633,-1.0865659477211327,-0.12994711953963065
195,-0.898432657225886,-0.9770999155699627,1.5309184729976206,0.8816563942069672,0.7576906318691549,-1.163164208673287,-0.6002156860005134,-0.785903724477881,0.7439664643149604,-0.9099665439033133,-0.7448744654787842,-0.7808029510236036,1.5845471316235877
196,2.1380607653634125,-1.3269089309667577,2.102321302654357,-0.9401135971841461,-0.8823657033138267,-1.4043768957595242,-1.2525764981114509,1.9944358503739033,-0.8723890607645545,-1.211043054492349,2.020030862727974,-1.1880737974638513,2.0152530418317185
197,-1.4498729827212797,0.12670417489022628,-1.5524651953460944,1.4135151330015485,1.4682586236748991,-0.1825474130855229,0.21338393593699004,-1.2662055867477604,1.4763889678192517,0.209266106682146,-1.4233018206797026,0.39158819124503064,-1.3506691939502067
198,0.5957186916437445,-0.6446306024185152,-0.046737358535522765,-0.8807554254031882,-0.9711746707430585,-1.076323866283976,-0.5055741303506136,0.48494039145388024,-0.9107538232387292,-0.3652842457884682,0.5499082823140533,-0.8499947886005941,0.2040951277105001
199,0.8236638371090613,0.03407494089785621,-0.814324328714795,1.0892790068957587,0.9658822072352929,-0.6762780932679718,0.43006574260402697,0.7664756002117126,0.905264677197564,0.5524450530485193,0.6194903861759106,0.00469407958789174,-0.7311197747862958
